Model,Accuracy,AUC Score,Precision,Recall,F1 Score,MCC,Best CV F1
Logistic Regression,0.9824561403508771,0.9957010582010581,0.9861111111111112,0.9861111111111112,0.9861111111111112,0.9623015873015873,0.9842241757556247
Decision Tree,0.9035087719298246,0.9358465608465609,0.9420289855072463,0.9027777777777778,0.9219858156028369,0.796936951050134,0.9505801727040666
K-Nearest Neighbors,0.9649122807017544,0.9713955026455027,0.9594594594594594,0.9861111111111112,0.9726027397260274,0.9245181185940877,0.9773897261895368
Naive Bayes,0.9298245614035088,0.9867724867724867,0.9444444444444444,0.9444444444444444,0.9444444444444444,0.8492063492063492,0.947761098491276
Random Forest,0.956140350877193,0.9923941798941799,0.958904109589041,0.9722222222222222,0.9655172413793104,0.9054466190452621,0.9718007446140527
XGBoost,0.956140350877193,0.9950396825396826,0.9466666666666667,0.9861111111111112,0.9659863945578231,0.9058238738943076,0.984286007904292
